{
  "hemoglobin": {
    "low": 10.185113445,
    "high": 18
  },
  "wbc": {
    "low": 2270.1037472499997,
    "high": 12086.2277055
  },
  "rbc": {
    "low": 3.6038967410500002,
    "high": 5.83235492395
  },
  "hematocrit": {
    "low": 33.117350302000006,
    "high": 50.3471785055
  },
  "mcv": {
    "low": 77.803228141,
    "high": 100.17605046499999
  },
  "mch": {
    "low": 24.8073354235,
    "high": 35.0169624165
  },
  "mchc": {
    "low": 30.731408364500002,
    "high": 37.346598825499996
  },
  "plateletcount": {
    "low": 112301.86114,
    "high": 385145.95104999986
  },
  "rdw": {
    "low": 11,
    "high": 16.328038113999998
  },
  "neutrophils": {
    "low": 40.5891632685,
    "high": 78.4518510585
  },
  "lymphocytes": {
    "low": 17.4095280805,
    "high": 42.598193388
  },
  "monocytes": {
    "low": 2.6775535315999996,
    "high": 9.20948997395
  },
  "hba1c": {
    "low": 4.137,
    "high": 8.168999999999999
  }
}